Workbook

Sheet README
A1: Energy Cost + EU ETS Exposure Calculator (Demo)
A3: Purpose
A4: Decision tool to estimate CO₂ emissions and EU ETS cost exposure from electricity + fuels, with EUA price scenarios and sensitivity outputs.
A6: How to use
A7: 1) Enter activity data by period in Inputs (electricity MWh, gas in Nm³ or MWh, other fuels/steam if relevant).
A8: 2) Set emission factors and EUA price scenarios in Factors.
A9: 3) Pick an EUA scenario in Inputs; view totals, sensitivity and charts in Dashboard.
A11: Important notes (read me)
A12: • EU ETS cost exposure here is calculated for direct (Scope 1) fuel combustion emissions. Electricity emissions are shown separately as Scope 2 (not direct ETS cost for industrial consumers).
A13: • This is a demo template. Replace emission factors and conversions with site-approved values (supplier-specific / national / corporate guidance).
A14: • If you want to treat electricity carbon as a 'proxy cost' (pass-through), add a policy assumption explicitly.

Sheet Factors
A1: Assumptions & Parameters (blue cells = edit)
A3: Emission factors
A4: Parameter | B4: Value | C4: Units | D4: Notes
A5: Natural gas EF (tCO₂/MWh) | B5: 0.202 | C5: tCO₂/MWh | D5: Typical combustion factor; replace with site factor
A6: Other fuel EF (tCO₂/MWh) | B6: 0.27 | C6: tCO₂/MWh | D6: Placeholder (e.g., fuel oil); replace
A7: Steam EF (tCO₂/MWh) | B7: 0.1 | C7: tCO₂/MWh | D7: If purchased steam; else set 0
A8: Electricity grid EF (tCO₂/MWh) | B8: 0.12 | C8: tCO₂/MWh | D8: For Scope 2 reporting/proxy; replace with market-based/location-based factor
A9: Gas conversion (kWh per Nm³) | B9: 10.55 | C9: kWh/Nm³ | D9: LHV approx; replace if using HHV or supplier value
A10: Scope 3 proxy factor (tCO2/t) | B10: 0.35 | C10: tCO2/t | D10: Optional proxy for planning context; set to 0 to disable
A13: EUA price scenarios
A14: Scenario | B14: EUA price (€/tCO₂) | C14: Notes
A15: Low | B15: 50 | C15: Conservative
A16: Mid | B16: 85 | C16: Base case
A17: High | B17: 120 | C17: Stress case

Sheet Inputs
A1: Inputs (blue cells = edit)
A3: Selected EUA scenario | B3: Low | C3: Choose Low / Mid / High
A5: Period | B5: Electricity (MWh) | C5: Natural gas (Nm³) | D5: Natural gas (MWh) [optional] | E5: Other fuel (MWh) | F5: Steam (MWh) | G5: Production (t) [optional] | H5: Electricity price (€/MWh) [optional]
A6: 2024-01 | B6: 2129.6 | C6: 938900 | E6: 0 | F6: 576.6 | G6: 49400 | H6: 62.2
A7: 2024-02 | B7: 2187.3 | C7: 982058 | E7: 40 | F7: 606.8 | G7: 50230 | H7: 62.7
A8: 2024-03 | B8: 2213.1 | C8: 1001567 | E8: 40 | F8: 629 | G8: 50211 | H8: 62.2
A9: 2024-04 | B9: 2200 | C9: 992200 | E9: 0 | F9: 637.1 | G9: 49348 | H9: 60.8
A10: 2024-05 | B10: 2151.5 | C10: 956467 | E10: 0 | F10: 629 | G10: 47871 | H10: 59
A11: 2024-06 | B11: 2330.3 | C11: 1012415 | E11: 0 | F11: 619 | G11: 41230 | H11: 67.4
A12: 2024-07 | B12: 2006.4 | C12: 848700 | E12: 0 | F12: 576.6 | G12: 44720 | H12: 55.8
A13: 2024-08 | B13: 1948.7 | C13: 805542 | E13: 40 | F13: 546.4 | G13: 43890 | H13: 55.3
A14: 2024-09 | B14: 1922.9 | C14: 786033 | E14: 40 | F14: 524.2 | G14: 43909 | H14: 55.8
A15: 2024-10 | B15: 1936 | C15: 795400 | E15: 0 | F15: 516.1 | G15: 44772 | H15: 57.2
A16: 2024-11 | B16: 1984.5 | C16: 831133 | E16: 0 | F16: 524.2 | G16: 46249 | H16: 59
A17: 2024-12 | B17: 2055.3 | C17: 883658 | E17: 0 | F17: 546.4 | G17: 47942 | H17: 60.9
... A29: 2025-12 | B29: 2055.3 | C29: 883658 | E29: 0 | F29: 546.4 | G29: 47942 | H29: 60.9

Sheet Calc
A1: Calculations (formulas)
A3: Period | B3: Elec_MWh | C3: Gas_Nm3 | D3: Gas_MWh_in | E3: Gas_MWh_calc | F3: OtherFuel_MWh | G3: Steam_MWh | H3: Prod_t | I3: Scope1_tCO2 | J3: Scope2_tCO2 | K3: Steam_tCO2 | L3: Total_tCO2 | M3: ETS_cost_selected_€ | N3: ETS_cost_Low_€ | O3: ETS_cost_Mid_€ | P3: ETS_cost_High_€
A4: =Inputs!A6 | B4: =Inputs!B6 | C4: =Inputs!C6 | D4: =Inputs!D6 | E4: =IF(Inputs!D6<>"", Inputs!D6, Inputs!C6*Factors!$B$9/1000) | F4: =Inputs!E6 | G4: =Inputs!F6 | H4: =Inputs!G6 | I4: =E4*Factors!$B$5 + F4*Factors!$B$6 | J4: =B4*Factors!$B$8 | K4: =G4*Factors!$B$7 | L4: =I4+J4+K4 | M4: =I4*(INDEX(Factors!$B$15:$B$17, MATCH(Inputs!$B$3, Factors!$A$15:$A$17, 0))) | N4: =I4*INDEX(Factors!$B$15:$B$17,1) | O4: =I4*INDEX(Factors!$B$15:$B$17,2) | P4: =I4*INDEX(Factors!$B$15:$B$17,3)
A5: =Inputs!A7 | B5: =Inputs!B7 | C5: =Inputs!C7 | D5: =Inputs!D7 | E5: =IF(Inputs!D7<>"", Inputs!D7, Inputs!C7*Factors!$B$9/1000) | F5: =Inputs!E7 | G5: =Inputs!F7 | H5: =Inputs!G7 | I5: =E5*Factors!$B$5 + F5*Factors!$B$6 | J5: =B5*Factors!$B$8 | K5: =G5*Factors!$B$7 | L5: =I5+J5+K5 | M5: =I5*(INDEX(Factors!$B$15:$B$17, MATCH(Inputs!$B$3, Factors!$A$15:$A$17, 0))) | N5: =I5*INDEX(Factors!$B$15:$B$17,1) | O5: =I5*INDEX(Factors!$B$15:$B$17,2) | P5: =I5*INDEX(Factors!$B$15:$B$17,3)
A6: =Inputs!A8 | B6: =Inputs!B8 | C6: =Inputs!C8 | D6: =Inputs!D8 | E6: =IF(Inputs!D8<>"", Inputs!D8, Inputs!C8*Factors!$B$9/1000) | F6: =Inputs!E8 | G6: =Inputs!F8 | H6: =Inputs!G8 | I6: =E6*Factors!$B$5 + F6*Factors!$B$6 | J6: =B6*Factors!$B$8 | K6: =G6*Factors!$B$7 | L6: =I6+J6+K6 | M6: =I6*(INDEX(Factors!$B$15:$B$17, MATCH(Inputs!$B$3, Factors!$A$15:$A$17, 0))) | N6: =I6*INDEX(Factors!$B$15:$B$17,1) | O6: =I6*INDEX(Factors!$B$15:$B$17,2) | P6: =I6*INDEX(Factors!$B$15:$B$17,3)
A7: =Inputs!A9 | B7: =Inputs!B9 | C7: =Inputs!C9 | D7: =Inputs!D9 | E7: =IF(Inputs!D9<>"", Inputs!D9, Inputs!C9*Factors!$B$9/1000) | F7: =Inputs!E9 | G7: =Inputs!F9 | H7: =Inputs!G9 | I7: =E7*Factors!$B$5 + F7*Factors!$B$6 | J7: =B7*Factors!$B$8 | K7: =G7*Factors!$B$7 | L7: =I7+J7+K7 | M7: =I7*(INDEX(Factors!$B$15:$B$17, MATCH(Inputs!$B$3, Factors!$A$15:$A$17, 0))) | N7: =I7*INDEX(Factors!$B$15:$B$17,1) | O7: =I7*INDEX(Factors!$B$15:$B$17,2) | P7: =I7*INDEX(Factors!$B$15:$B$17,3)
A8: =Inputs!A10 | B8: =Inputs!B10 | C8: =Inputs!C10 | D8: =Inputs!D10 | E8: =IF(Inputs!D10<>"", Inputs!D10, Inputs!C10*Factors!$B$9/1000) | F8: =Inputs!E10 | G8: =Inputs!F10 | H8: =Inputs!G10 | I8: =E8*Factors!$B$5 + F8*Factors!$B$6 | J8: =B8*Factors!$B$8 | K8: =G8*Factors!$B$7 | L8: =I8+J8+K8 | M8: =I8*(INDEX(Factors!$B$15:$B$17, MATCH(Inputs!$B$3, Factors!$A$15:$A$17, 0))) | N8: =I8*INDEX(Factors!$B$15:$B$17,1) | O8: =I8*INDEX(Factors!$B$15:$B$17,2) | P8: =I8*INDEX(Factors!$B$15:$B$17,3)
A9: =Inputs!A11 | B9: =Inputs!B11 | C9: =Inputs!C11 | D9: =Inputs!D11 | E9: =IF(Inputs!D11<>"", Inputs!D11, Inputs!C11*Factors!$B$9/1000) | F9: =Inputs!E11 | G9: =Inputs!F11 | H9: =Inputs!G11 | I9: =E9*Factors!$B$5 + F9*Factors!$B$6 | J9: =B9*Factors!$B$8 | K9: =G9*Factors!$B$7 | L9: =I9+J9+K9 | M9: =I9*(INDEX(Factors!$B$15:$B$17, MATCH(Inputs!$B$3, Factors!$A$15:$A$17, 0))) | N9: =I9*INDEX(Factors!$B$15:$B$17,1) | O9: =I9*INDEX(Factors!$B$15:$B$17,2) | P9: =I9*INDEX(Factors!$B$15:$B$17,3)
A10: =Inputs!A12 | B10: =Inputs!B12 | C10: =Inputs!C12 | D10: =Inputs!D12 | E10: =IF(Inputs!D12<>"", Inputs!D12, Inputs!C12*Factors!$B$9/1000) | F10: =Inputs!E12 | G10: =Inputs!F12 | H10: =Inputs!G12 | I10: =E10*Factors!$B$5 + F10*Factors!$B$6 | J10: =B10*Factors!$B$8 | K10: =G10*Factors!$B$7 | L10: =I10+J10+K10 | M10: =I10*(INDEX(Factors!$B$15:$B$17, MATCH(Inputs!$B$3, Factors!$A$15:$A$17, 0))) | N10: =I10*INDEX(Factors!$B$15:$B$17,1) | O10: =I10*INDEX(Factors!$B$15:$B$17,2) | P10: =I10*INDEX(Factors!$B$15:$B$17,3)
A11: =Inputs!A13 | B11: =Inputs!B13 | C11: =Inputs!C13 | D11: =Inputs!D13 | E11: =IF(Inputs!D13<>"", Inputs!D13, Inputs!C13*Factors!$B$9/1000) | F11: =Inputs!E13 | G11: =Inputs!F13 | H11: =Inputs!G13 | I11: =E11*Factors!$B$5 + F11*Factors!$B$6 | J11: =B11*Factors!$B$8 | K11: =G11*Factors!$B$7 | L11: =I11+J11+K11 | M11: =I11*(INDEX(Factors!$B$15:$B$17, MATCH(Inputs!$B$3, Factors!$A$15:$A$17, 0))) | N11: =I11*INDEX(Factors!$B$15:$B$17,1) | O11: =I11*INDEX(Factors!$B$15:$B$17,2) | P11: =I11*INDEX(Factors!$B$15:$B$17,3)
A12: =Inputs!A14 | B12: =Inputs!B14 | C12: =Inputs!C14 | D12: =Inputs!D14 | E12: =IF(Inputs!D14<>"", Inputs!D14, Inputs!C14*Factors!$B$9/1000) | F12: =Inputs!E14 | G12: =Inputs!F14 | H12: =Inputs!G14 | I12: =E12*Factors!$B$5 + F12*Factors!$B$6 | J12: =B12*Factors!$B$8 | K12: =G12*Factors!$B$7 | L12: =I12+J12+K12 | M12: =I12*(INDEX(Factors!$B$15:$B$17, MATCH(Inputs!$B$3, Factors!$A$15:$A$17, 0))) | N12: =I12*INDEX(Factors!$B$15:$B$17,1) | O12: =I12*INDEX(Factors!$B$15:$B$17,2) | P12: =I12*INDEX(Factors!$B$15:$B$17,3)
A13: =Inputs!A15 | B13: =Inputs!B15 | C13: =Inputs!C15 | D13: =Inputs!D15 | E13: =IF(Inputs!D15<>"", Inputs!D15, Inputs!C15*Factors!$B$9/1000) | F13: =Inputs!E15 | G13: =Inputs!F15 | H13: =Inputs!G15 | I13: =E13*Factors!$B$5 + F13*Factors!$B$6 | J13: =B13*Factors!$B$8 | K13: =G13*Factors!$B$7 | L13: =I13+J13+K13 | M13: =I13*(INDEX(Factors!$B$15:$B$17, MATCH(Inputs!$B$3, Factors!$A$15:$A$17, 0))) | N13: =I13*INDEX(Factors!$B$15:$B$17,1) | O13: =I13*INDEX(Factors!$B$15:$B$17,2) | P13: =I13*INDEX(Factors!$B$15:$B$17,3)
A14: =Inputs!A16 | B14: =Inputs!B16 | C14: =Inputs!C16 | D14: =Inputs!D16 | E14: =IF(Inputs!D16<>"", Inputs!D16, Inputs!C16*Factors!$B$9/1000) | F14: =Inputs!E16 | G14: =Inputs!F16 | H14: =Inputs!G16 | I14: =E14*Factors!$B$5 + F14*Factors!$B$6 | J14: =B14*Factors!$B$8 | K14: =G14*Factors!$B$7 | L14: =I14+J14+K14 | M14: =I14*(INDEX(Factors!$B$15:$B$17, MATCH(Inputs!$B$3, Factors!$A$15:$A$17, 0))) | N14: =I14*INDEX(Factors!$B$15:$B$17,1) | O14: =I14*INDEX(Factors!$B$15:$B$17,2) | P14: =I14*INDEX(Factors!$B$15:$B$17,3)
A15: =Inputs!A17 | B15: =Inputs!B17 | C15: =Inputs!C17 | D15: =Inputs!D17 | E15: =IF(Inputs!D17<>"", Inputs!D17, Inputs!C17*Factors!$B$9/1000) | F15: =Inputs!E17 | G15: =Inputs!F17 | H15: =Inputs!G17 | I15: =E15*Factors!$B$5 + F15*Factors!$B$6 | J15: =B15*Factors!$B$8 | K15: =G15*Factors!$B$7 | L15: =I15+J15+K15 | M15: =I15*(INDEX(Factors!$B$15:$B$17, MATCH(Inputs!$B$3, Factors!$A$15:$A$17, 0))) | N15: =I15*INDEX(Factors!$B$15:$B$17,1) | O15: =I15*INDEX(Factors!$B$15:$B$17,2) | P15: =I15*INDEX(Factors!$B$15:$B$17,3)
... A27: =Inputs!A29 | B27: =Inputs!B29 | C27: =Inputs!C29 | D27: =Inputs!D29 | E27: =IF(Inputs!D29<>"", Inputs!D29, Inputs!C29*Factors!$B$9/1000) | F27: =Inputs!E29 | G27: =Inputs!F29 | H27: =Inputs!G29 | I27: =E27*Factors!$B$5 + F27*Factors!$B$6 | J27: =B27*Factors!$B$8 | K27: =G27*Factors!$B$7 | L27: =I27+J27+K27 | M27: =I27*(INDEX(Factors!$B$15:$B$17, MATCH(Inputs!$B$3, Factors!$A$15:$A$17, 0))) | N27: =I27*INDEX(Factors!$B$15:$B$17,1) | O27: =I27*INDEX(Factors!$B$15:$B$17,2) | P27: =I27*INDEX(Factors!$B$15:$B$17,3)

Sheet Dashboard
A1: Dashboard (decision summary)
A3: Summary | D3: Breakdown | E3: ETS cost sensitivity
A4: Total Scope 1 emissions (tCO₂) | B4: =SUM(Calc!I4:I27) | D4: Scope 1 | E4: =B4 | F4: EUA (€/tCO₂) | G4: ETS cost (€) | H4: Notes
A5: Total ETS cost (selected scenario) (€) | B5: =SUM(Calc!M4:M27) | D5: Scope 2 | E5: =B6 | F5: =Factors!B15 | G5: =$B$4*F5 | H5: =Factors!C15
A6: Total Scope 2 emissions (tCO₂) | B6: =SUM(Calc!J4:J27) | D6: Steam | E6: =SUM(Calc!K4:K27) | F6: =Factors!B16 | G6: =$B$4*F6 | H6: =Factors!C16
A7: Total emissions (tCO₂) | B7: =SUM(Calc!L4:L27) | E7: =Factors!A17 | F7: =Factors!B17 | G7: =$B$4*F7 | H7: =Factors!C17
A9: Top levers (guide)
A10: 1) Reduce fuel use (Scope 1): efficiency, maintenance, combustion tuning, leak reduction.
A11: 2) Recover heat / optimize steam: waste heat recovery, steam trap program, insulation.
A12: 3) Flexibility & markets: shift load to lower price hours, reduce peaks, demand response.
